ordinal	row_kind	path	byte_start	byte_end	attribute_kind	item_key	line_start	line_end	cohort	compile_domain	compile_domain_status	role	role_status	candidate_owner_ref	candidate_evidence_refs	owner_evidence_status	candidate_successor_status	successor_basis_or_blocker	review_state
0	dead_code_allowance	src/lib.rs	3169	3188	outer_allow	abi::text_scan_aot_export_facts	119	119	B	production_default	file_observed		unreviewed			missing	unknown	runtime owner candidate exists but successor/retention evidence is not reviewed for this site	blocked_successor
1	dead_code_allowance	src/mir/builder.rs	3802	3821	outer_allow	canonical_physical_drain	76	76	B	production_default	file_observed		unreviewed			missing	unknown	builder.rs mixes active and disconnected sites; site-level owner review is required	blocked_mixed_role
2	dead_code_allowance	src/mir/builder.rs	4512	4531	outer_allow	drained_module_candidate	90	90	B	production_default	file_observed		unreviewed			missing	unknown	builder.rs mixes active and disconnected sites; site-level owner review is required	blocked_mixed_role
3	dead_code_allowance	src/mir/builder.rs	5144	5163	outer_allow	function_signature_lookup	105	105	B	production_default	file_observed		unreviewed			missing	unknown	builder.rs mixes active and disconnected sites; site-level owner review is required	blocked_mixed_role
4	dead_code_allowance	src/mir/builder.rs	5461	5480	outer_allow	main_expansion	113	113	B	production_default	file_observed		unreviewed			missing	unknown	builder.rs mixes active and disconnected sites; site-level owner review is required	blocked_mixed_role
5	dead_code_allowance	src/mir/builder.rs	6495	6514	outer_allow	raw_root_environment_install	133	133	B	production_default	file_observed		unreviewed			missing	unknown	builder.rs mixes active and disconnected sites; site-level owner review is required	blocked_mixed_role
6	dead_code_allowance	src/mir/builder.rs	7358	7377	outer_allow	raw_source_projection	150	150	B	production_default	file_observed		unreviewed			missing	unknown	builder.rs mixes active and disconnected sites; site-level owner review is required	blocked_mixed_role
7	dead_code_allowance	src/mir/builder.rs	9360	9379	outer_allow	main_pending_draft	186	186	B	production_default	file_observed		unreviewed			missing	unknown	builder.rs mixes active and disconnected sites; site-level owner review is required	blocked_mixed_role
8	dead_code_allowance	src/mir/builder.rs	9542	9561	outer_allow	main_root_wiring	190	190	B	production_default	file_observed		unreviewed			missing	unknown	builder.rs mixes active and disconnected sites; site-level owner review is required	blocked_mixed_role
9	dead_code_allowance	src/mir/builder.rs	9647	9666	outer_allow	me_call_header_observation	192	192	B	production_default	file_observed		unreviewed			missing	unknown	builder.rs mixes active and disconnected sites; site-level owner review is required	blocked_mixed_role
10	dead_code_allowance	src/mir/builder.rs	9985	10004	outer_allow	module_declaration_facts	199	199	B	production_default	file_observed		unreviewed			missing	unknown	builder.rs mixes active and disconnected sites; site-level owner review is required	blocked_mixed_role
11	dead_code_allowance	src/mir/builder.rs	10481	10500	outer_allow	module_finalization_once	210	210	B	production_default	file_observed		unreviewed			missing	unknown	builder.rs mixes active and disconnected sites; site-level owner review is required	blocked_mixed_role
12	dead_code_allowance	src/mir/builder.rs	10641	10660	outer_allow	module_finalization_split	214	214	B	production_default	file_observed		unreviewed			missing	unknown	builder.rs mixes active and disconnected sites; site-level owner review is required	blocked_mixed_role
13	dead_code_allowance	src/mir/builder.rs	10833	10852	outer_allow	module_invocation_brand0	218	218	B	production_default	file_observed		unreviewed			missing	unknown	builder.rs mixes active and disconnected sites; site-level owner review is required	blocked_mixed_role
14	dead_code_allowance	src/mir/builder.rs	10990	11009	outer_allow	module_invocation_drain	222	222	B	production_default	file_observed		unreviewed			missing	unknown	builder.rs mixes active and disconnected sites; site-level owner review is required	blocked_mixed_role
15	dead_code_allowance	src/mir/builder.rs	11176	11195	outer_allow	module_invocation_identity	226	226	B	production_default	file_observed		unreviewed			missing	unknown	builder.rs mixes active and disconnected sites; site-level owner review is required	blocked_mixed_role
16	dead_code_allowance	src/mir/builder.rs	11349	11368	outer_allow	module_invocation_owner_chain	230	230	B	production_default	file_observed		unreviewed			missing	unknown	builder.rs mixes active and disconnected sites; site-level owner review is required	blocked_mixed_role
17	dead_code_allowance	src/mir/builder.rs	11447	11466	outer_allow	module_invocation_route_matrix	232	232	B	production_default	file_observed		unreviewed			missing	unknown	builder.rs mixes active and disconnected sites; site-level owner review is required	blocked_mixed_role
18	dead_code_allowance	src/mir/builder.rs	11503	11522	outer_allow	normal_module_transaction	234	234	B	production_default	file_observed		unreviewed			missing	unknown	builder.rs mixes active and disconnected sites; site-level owner review is required	blocked_mixed_role
19	dead_code_allowance	src/mir/builder.rs	14376	14395	outer_allow	module_invocation_callable_batch	284	284	B	production_default	file_observed		unreviewed			missing	unknown	builder.rs mixes active and disconnected sites; site-level owner review is required	blocked_mixed_role
20	dead_code_allowance	src/mir/builder.rs	14559	14578	outer_allow	module_invocation_collection	288	288	B	production_default	file_observed		unreviewed			missing	unknown	builder.rs mixes active and disconnected sites; site-level owner review is required	blocked_mixed_role
21	dead_code_allowance	src/mir/builder.rs	17456	17475	outer_allow	cataloged_box_method_collector_handoff	328	328	B	production_default	file_observed		unreviewed			missing	unknown	builder.rs mixes active and disconnected sites; site-level owner review is required	blocked_mixed_role
22	dead_code_allowance	src/mir/builder.rs	17801	17820	outer_allow	module_lowering_borrow_schedule	335	335	B	production_default	file_observed		unreviewed			missing	unknown	builder.rs mixes active and disconnected sites; site-level owner review is required	blocked_mixed_role
23	dead_code_allowance	src/mir/builder.rs	17942	17961	outer_allow	module_lowering_invocation_access	338	338	B	production_default	file_observed		unreviewed			missing	unknown	builder.rs mixes active and disconnected sites; site-level owner review is required	blocked_mixed_role
24	dead_code_allowance	src/mir/builder.rs	18096	18115	outer_allow	module_lowering_invocation_candidate	342	342	B	production_default	file_observed		unreviewed			missing	unknown	builder.rs mixes active and disconnected sites; site-level owner review is required	blocked_mixed_role
25	dead_code_allowance	src/mir/builder.rs	18212	18231	outer_allow	module_lowering_invocation_candidate_p0	344	344	B	production_default	file_observed		unreviewed			missing	unknown	builder.rs mixes active and disconnected sites; site-level owner review is required	blocked_mixed_role
26	dead_code_allowance	src/mir/builder.rs	18320	18339	outer_allow	module_lowering_invocation_legacy_term	346	346	B	production_default	file_observed		unreviewed			missing	unknown	builder.rs mixes active and disconnected sites; site-level owner review is required	blocked_mixed_role
27	dead_code_allowance	src/mir/builder.rs	18445	18464	outer_allow	module_lowering_invocation_state	350	350	B	production_default	file_observed		unreviewed			missing	unknown	builder.rs mixes active and disconnected sites; site-level owner review is required	blocked_mixed_role
28	dead_code_allowance	src/mir/builder.rs	18549	18568	outer_allow	module_lowering_shell	352	352	B	production_default	file_observed		unreviewed			missing	unknown	builder.rs mixes active and disconnected sites; site-level owner review is required	blocked_mixed_role
29	dead_code_allowance	src/mir/builder.rs	18642	18661	outer_allow	module_wiring_parity_p0	354	354	B	production_default	file_observed		unreviewed			missing	unknown	builder.rs mixes active and disconnected sites; site-level owner review is required	blocked_mixed_role
30	dead_code_allowance	src/mir/builder.rs	18863	18882	outer_allow	raw_expansion_receipt_ledger	359	359	B	production_default	file_observed		unreviewed			missing	unknown	builder.rs mixes active and disconnected sites; site-level owner review is required	blocked_mixed_role
31	dead_code_allowance	src/mir/builder.rs	19354	19373	outer_allow	raw_loop_child_entry	369	369	B	production_default	file_observed		unreviewed			missing	unknown	builder.rs mixes active and disconnected sites; site-level owner review is required	blocked_mixed_role
32	dead_code_allowance	src/mir/builder.rs	19547	19566	outer_allow	raw_root_completion	372	372	B	production_default	file_observed		unreviewed			missing	unknown	builder.rs mixes active and disconnected sites; site-level owner review is required	blocked_mixed_role
33	dead_code_allowance	src/mir/builder.rs	19640	19659	outer_allow	raw_root_completion_preflight	374	374	B	production_default	file_observed		unreviewed			missing	unknown	builder.rs mixes active and disconnected sites; site-level owner review is required	blocked_mixed_role
34	dead_code_allowance	src/mir/builder.rs	19825	19844	outer_allow	root_batch_slot	378	378	B	production_default	file_observed		unreviewed			missing	unknown	builder.rs mixes active and disconnected sites; site-level owner review is required	blocked_mixed_role
35	dead_code_allowance	src/mir/builder.rs	20604	20623	outer_allow	root_body_completion	401	401	B	production_default	file_observed		unreviewed			missing	unknown	builder.rs mixes active and disconnected sites; site-level owner review is required	blocked_mixed_role
36	dead_code_allowance	src/mir/builder.rs	20786	20805	outer_allow	root_draft_batch	405	405	B	production_default	file_observed		unreviewed			missing	unknown	builder.rs mixes active and disconnected sites; site-level owner review is required	blocked_mixed_role
37	dead_code_allowance	src/mir/builder.rs	21086	21105	outer_allow	route_owned_invocation_inventory	411	411	B	production_default	file_observed		unreviewed			missing	unknown	builder.rs mixes active and disconnected sites; site-level owner review is required	blocked_mixed_role
38	dead_code_allowance	src/mir/builder.rs	30218	30237	outer_allow	phi_completion	616	616	B	production_default	file_observed		unreviewed			missing	unknown	builder.rs mixes active and disconnected sites; site-level owner review is required	blocked_mixed_role
39	dead_code_allowance	src/mir/builder.rs	30329	30348	outer_allow	phi_type_publication	619	619	B	production_default	file_observed		unreviewed			missing	unknown	builder.rs mixes active and disconnected sites; site-level owner review is required	blocked_mixed_role
40	dead_code_allowance	src/mir/builder.rs	30375	30394	outer_allow	port_aware_function_draft_impl	621	621	B	production_default	file_observed		unreviewed			missing	unknown	builder.rs mixes active and disconnected sites; site-level owner review is required	blocked_mixed_role
41	dead_code_allowance	src/mir/builder/builder_method_index.rs	3418	3437	outer_allow	<impl>::method_candidates_tail	95	95	C	production_default	file_observed		unreviewed			missing	unknown	mixed builder site needs explicit runtime/guard/test/compatibility/recovery owner review	blocked_mixed_role
42	dead_code_allowance	src/mir/builder/callable_declaration_catalog/catalog.rs	441	481	cfg_attr_allow	VerifiedSameModuleCallableDeclarationV1	13	13	C	production_default	file_observed		unreviewed			missing	unknown	mixed builder site needs explicit runtime/guard/test/compatibility/recovery owner review	blocked_mixed_role
43	dead_code_allowance	src/mir/builder/callable_declaration_catalog/catalog.rs	847	887	cfg_attr_allow	<impl>	24	24	C	production_default	file_observed		unreviewed			missing	unknown	mixed builder site needs explicit runtime/guard/test/compatibility/recovery owner review	blocked_mixed_role
44	dead_code_allowance	src/mir/builder/callable_declaration_catalog/catalog.rs	2016	2056	cfg_attr_allow	<impl>	65	65	C	production_default	file_observed		unreviewed			missing	unknown	mixed builder site needs explicit runtime/guard/test/compatibility/recovery owner review	blocked_mixed_role
45	dead_code_allowance	src/mir/builder/calls/extern_calls.rs	8920	8939	outer_allow	is_env_interface	284	284	C	production_default	file_observed		unreviewed			missing	unknown	mixed builder site needs explicit runtime/guard/test/compatibility/recovery owner review	blocked_mixed_role
46	dead_code_allowance	src/mir/builder/calls/function_session/terminal.rs	10162	10181	outer_allow	<impl>::abort_and_restore	238	238	C	production_default	file_observed		unreviewed			missing	unknown	mixed builder site needs explicit runtime/guard/test/compatibility/recovery owner review	blocked_mixed_role
47	dead_code_allowance	src/mir/builder/calls/function_session/terminal.rs	10864	10883	outer_allow	<impl>::abort_and_restore	256	256	C	production_default	file_observed		unreviewed			missing	unknown	mixed builder site needs explicit runtime/guard/test/compatibility/recovery owner review	blocked_mixed_role
48	dead_code_allowance	src/mir/builder/calls/guard.rs	8382	8401	outer_allow	<impl>::has_box_type	182	182	C	production_default	file_observed		unreviewed			missing	unknown	mixed builder site needs explicit runtime/guard/test/compatibility/recovery owner review	blocked_mixed_role
49	dead_code_allowance	src/mir/builder/calls/guard.rs	8688	8707	outer_allow	<impl>::get_box_type	190	190	C	production_default	file_observed		unreviewed			missing	unknown	mixed builder site needs explicit runtime/guard/test/compatibility/recovery owner review	blocked_mixed_role
50	dead_code_allowance	src/mir/builder/calls/guard.rs	9075	9094	outer_allow	<impl>::is_me_call	202	202	C	production_default	file_observed		unreviewed			missing	unknown	mixed builder site needs explicit runtime/guard/test/compatibility/recovery owner review	blocked_mixed_role
51	dead_code_allowance	src/mir/builder/calls/method_call_descent.rs	5741	5760	outer_allow	RawLegacyMethodCallInputV1	192	192	C	production_default	file_observed		unreviewed			missing	unknown	mixed builder site needs explicit runtime/guard/test/compatibility/recovery owner review	blocked_mixed_role
52	dead_code_allowance	src/mir/builder/calls/method_call_descent.rs	5955	5974	outer_allow	<impl>	200	200	C	production_default	file_observed		unreviewed			missing	unknown	mixed builder site needs explicit runtime/guard/test/compatibility/recovery owner review	blocked_mixed_role
53	dead_code_allowance	src/mir/builder/calls/static_resolution.rs	5486	5505	outer_allow	<impl>::try_tail_based_resolver_with_headers	143	143	C	production_default	file_observed		unreviewed			missing	unknown	mixed builder site needs explicit runtime/guard/test/compatibility/recovery owner review	blocked_mixed_role
54	dead_code_allowance	src/mir/builder/compilation_context.rs	8409	8428	outer_allow	<impl>	197	197	C	production_default	file_observed		unreviewed			missing	unknown	mixed builder site needs explicit runtime/guard/test/compatibility/recovery owner review	blocked_mixed_role
55	dead_code_allowance	src/mir/builder/compilation_context/declarations.rs	15	34	outer_allow	<impl>	3	3	C	production_default	file_observed		unreviewed			missing	unknown	mixed builder site needs explicit runtime/guard/test/compatibility/recovery owner review	blocked_mixed_role
56	dead_code_allowance	src/mir/builder/control_flow/edgecfg/api/compose/cleanup.rs	2365	2384	outer_allow	cleanup	49	49	C	production_default	file_observed		unreviewed			missing	unknown	mixed builder site needs explicit runtime/guard/test/compatibility/recovery owner review	blocked_mixed_role
57	dead_code_allowance	src/mir/builder/control_flow/facts/canon/cond_block_view.rs	302	321	outer_allow	CondBlockView::<field>	10	10	C	production_default	file_observed		unreviewed			missing	unknown	mixed builder site needs explicit runtime/guard/test/compatibility/recovery owner review	blocked_mixed_role
58	dead_code_allowance	src/mir/builder/control_flow/facts/escape_shape_recognizer.rs	975	994	outer_allow	EscapeSkipShapeInfo::<field>	24	24	C	production_default	file_observed		unreviewed			missing	unknown	mixed builder site needs explicit runtime/guard/test/compatibility/recovery owner review	blocked_mixed_role
59	dead_code_allowance	src/mir/builder/control_flow/facts/extractors/if_phi_join.rs	401	420	outer_allow	IfPhiJoinParts::<field>	12	12	C	production_default	file_observed		unreviewed			missing	unknown	mixed builder site needs explicit runtime/guard/test/compatibility/recovery owner review	blocked_mixed_role
60	dead_code_allowance	src/mir/builder/control_flow/plan/parts/associated_source/dispatch_tests.rs	9695	9714	outer_allow	_infallible_is_not_a_located_loop_input	347	347	C	production_default	file_observed		unreviewed			missing	unknown	mixed builder site needs explicit runtime/guard/test/compatibility/recovery owner review	blocked_mixed_role
61	dead_code_allowance	src/mir/builder/control_flow/recipes/loop_cond_break_continue.rs	3025	3044	outer_allow	LoopCondBreakContinueItem::ExitLeaf	90	90	C	production_default	file_observed		unreviewed			missing	unknown	mixed builder site needs explicit runtime/guard/test/compatibility/recovery owner review	blocked_mixed_role
62	dead_code_allowance	src/mir/builder/control_flow/verify/verifier/primitives.rs	2616	2635	outer_allow	debug_assert_value_join_invariants	82	82	C	production_default	file_observed		unreviewed			missing	unknown	mixed builder site needs explicit runtime/guard/test/compatibility/recovery owner review	blocked_mixed_role
63	dead_code_allowance	src/mir/builder/control_flow/verify/verifier/primitives.rs	3010	3029	outer_allow	debug_assert_value_join_invariants	93	93	C	production_default	file_observed		unreviewed			missing	unknown	mixed builder site needs explicit runtime/guard/test/compatibility/recovery owner review	blocked_mixed_role
64	dead_code_allowance	src/mir/builder/fact_session.rs	9316	9335	outer_allow	SealedFunctionFactSessionV1::<field>	274	274	C	production_default	file_observed		unreviewed			missing	unknown	mixed builder site needs explicit runtime/guard/test/compatibility/recovery owner review	blocked_mixed_role
65	dead_code_allowance	src/mir/builder/fact_session.rs	9722	9741	outer_allow	CompletedFunctionDraftWithFactsV1::<field>	285	285	C	production_default	file_observed		unreviewed			missing	unknown	mixed builder site needs explicit runtime/guard/test/compatibility/recovery owner review	blocked_mixed_role
66	dead_code_allowance	src/mir/builder/fact_session.rs	10275	10294	outer_allow	SealedModuleFactSessionV1::<field>	303	303	C	production_default	file_observed		unreviewed			missing	unknown	mixed builder site needs explicit runtime/guard/test/compatibility/recovery owner review	blocked_mixed_role
67	dead_code_allowance	src/mir/builder/fact_session.rs	11271	11290	outer_allow	p0_test_support::FactSessionP0HarnessErrorV1	327	327	C	production_default	file_observed		unreviewed			missing	unknown	mixed builder site needs explicit runtime/guard/test/compatibility/recovery owner review	blocked_mixed_role
68	dead_code_allowance	src/mir/builder/generic_loop_admission_observation.rs	275	295	inner_allow	<file>	6	6	C	production_default	file_observed		unreviewed			missing	unknown	mixed builder site needs explicit runtime/guard/test/compatibility/recovery owner review	blocked_mixed_role
69	dead_code_allowance	src/mir/builder/metadata/propagate.rs	2953	2972	outer_allow	propagate_with_override	96	96	C	production_default	file_observed		unreviewed			missing	unknown	mixed builder site needs explicit runtime/guard/test/compatibility/recovery owner review	blocked_mixed_role
70	dead_code_allowance	src/mir/builder/module_completion_candidate.rs	3021	3040	outer_allow	prepare_module_completion_candidate_v1	76	76	C	production_default	file_observed		unreviewed			missing	unknown	mixed builder site needs explicit runtime/guard/test/compatibility/recovery owner review	blocked_mixed_role
71	dead_code_allowance	src/mir/builder/module_draft_collector.rs	2049	2068	outer_allow	FunctionDraftKeyV1	51	51	C	production_default	file_observed		unreviewed			missing	unknown	mixed builder site needs explicit runtime/guard/test/compatibility/recovery owner review	blocked_mixed_role
72	dead_code_allowance	src/mir/builder/module_invocation_brand_p0.rs	3547	3566	outer_allow	_family_is_route_typed	97	97	C	production_default	file_observed		unreviewed			missing	unknown	mixed builder site needs explicit runtime/guard/test/compatibility/recovery owner review	blocked_mixed_role
73	dead_code_allowance	src/mir/builder/module_lowering_invocation.rs	11382	11401	outer_allow	<impl>::commit_resolved_pending	322	322	C	production_default	file_observed		unreviewed			missing	unknown	mixed builder site needs explicit runtime/guard/test/compatibility/recovery owner review	blocked_mixed_role
74	dead_code_allowance	src/mir/builder/module_lowering_invocation.rs	12393	12412	outer_allow	<impl>::capture_resolved_pending	348	348	C	production_default	file_observed		unreviewed			missing	unknown	mixed builder site needs explicit runtime/guard/test/compatibility/recovery owner review	blocked_mixed_role
75	dead_code_allowance	src/mir/builder/module_lowering_invocation.rs	13032	13051	outer_allow	<impl>::capture_legacy_pending	362	362	C	production_default	file_observed		unreviewed			missing	unknown	mixed builder site needs explicit runtime/guard/test/compatibility/recovery owner review	blocked_mixed_role
76	dead_code_allowance	src/mir/builder/module_lowering_invocation.rs	16334	16353	outer_allow	<impl>::with_access_port	441	441	C	production_default	file_observed		unreviewed			missing	unknown	mixed builder site needs explicit runtime/guard/test/compatibility/recovery owner review	blocked_mixed_role
77	dead_code_allowance	src/mir/builder/module_lowering_invocation_legacy_term.rs	650	669	outer_allow	<impl>::commit_legacy_pending	15	15	C	production_default	file_observed		unreviewed			missing	unknown	mixed builder site needs explicit runtime/guard/test/compatibility/recovery owner review	blocked_mixed_role
78	dead_code_allowance	src/mir/builder/origin/infer.rs	340	359	outer_allow	annotate_me_origin	7	7	C	production_default	file_observed		unreviewed			missing	unknown	mixed builder site needs explicit runtime/guard/test/compatibility/recovery owner review	blocked_mixed_role
79	dead_code_allowance	src/mir/builder/phi_merge.rs	4127	4146	outer_allow	<impl>::merge_with_dst	122	122	C	production_default	file_observed		unreviewed			missing	unknown	mixed builder site needs explicit runtime/guard/test/compatibility/recovery owner review	blocked_mixed_role
80	dead_code_allowance	src/mir/builder/resolved_lowering/mod.rs	645	664	outer_allow	common_v2_s6c_text_content_root_admission	17	17	C	production_default	file_observed		unreviewed			missing	unknown	mixed builder site needs explicit runtime/guard/test/compatibility/recovery owner review	blocked_mixed_role
81	dead_code_allowance	src/mir/builder/resolved_lowering/mod.rs	712	731	outer_allow	common_v2_s6c_text_cursor_preheader	19	19	C	production_default	file_observed		unreviewed			missing	unknown	mixed builder site needs explicit runtime/guard/test/compatibility/recovery owner review	blocked_mixed_role
82	dead_code_allowance	src/mir/builder/resolved_lowering/mod.rs	773	792	outer_allow	common_v2_s6c_textref_entry_bridge	21	21	C	production_default	file_observed		unreviewed			missing	unknown	mixed builder site needs explicit runtime/guard/test/compatibility/recovery owner review	blocked_mixed_role
83	dead_code_allowance	src/mir/builder/resolved_lowering/ownership/mod.rs	83	119	inner_allow	<file>	3	3	C	production_default	file_observed		unreviewed			missing	unknown	mixed builder site needs explicit runtime/guard/test/compatibility/recovery owner review	blocked_mixed_role
84	dead_code_allowance	src/mir/builder/return_type_strategy.rs	556	575	outer_allow	classify_return_type_strategy_miss	16	16	C	production_default	file_observed		unreviewed			missing	unknown	mixed builder site needs explicit runtime/guard/test/compatibility/recovery owner review	blocked_mixed_role
85	dead_code_allowance	src/mir/builder/rewrite/known.rs	4055	4074	outer_allow	try_known_rewrite	120	120	C	production_default	file_observed		unreviewed			missing	unknown	mixed builder site needs explicit runtime/guard/test/compatibility/recovery owner review	blocked_mixed_role
86	dead_code_allowance	src/mir/builder/rewrite/known.rs	11386	11405	outer_allow	try_unique_suffix_rewrite	353	353	C	production_default	file_observed		unreviewed			missing	unknown	mixed builder site needs explicit runtime/guard/test/compatibility/recovery owner review	blocked_mixed_role
87	dead_code_allowance	src/mir/builder/rewrite/known.rs	17828	17847	outer_allow	try_known_or_unique	560	560	C	production_default	file_observed		unreviewed			missing	unknown	mixed builder site needs explicit runtime/guard/test/compatibility/recovery owner review	blocked_mixed_role
88	dead_code_allowance	src/mir/builder/schedule/block.rs	275	294	outer_allow	<impl>	8	8	C	production_default	file_observed		unreviewed			missing	unknown	mixed builder site needs explicit runtime/guard/test/compatibility/recovery owner review	blocked_mixed_role
89	dead_code_allowance	src/mir/builder/ssa/local.rs	3129	3148	outer_allow	try_materialize_local_v1	116	116	C	production_default	file_observed		unreviewed			missing	unknown	mixed builder site needs explicit runtime/guard/test/compatibility/recovery owner review	blocked_mixed_role
90	dead_code_allowance	src/mir/builder/ssa/local/error.rs	554	573	outer_allow	LocalSsaFailurePolicyV1	23	23	C	production_default	file_observed		unreviewed			missing	unknown	mixed builder site needs explicit runtime/guard/test/compatibility/recovery owner review	blocked_mixed_role
91	dead_code_allowance	src/mir/builder/type_registry.rs	2293	2312	outer_allow	<impl>::record_param	71	71	C	production_default	file_observed		unreviewed			missing	unknown	mixed builder site needs explicit runtime/guard/test/compatibility/recovery owner review	blocked_mixed_role
92	dead_code_allowance	src/mir/builder/type_registry.rs	6412	6431	outer_allow	<impl>::get_origin	181	181	C	production_default	file_observed		unreviewed			missing	unknown	mixed builder site needs explicit runtime/guard/test/compatibility/recovery owner review	blocked_mixed_role
93	dead_code_allowance	src/mir/builder/type_registry.rs	8367	8386	outer_allow	<impl>::dump_trace	236	236	C	production_default	file_observed		unreviewed			missing	unknown	mixed builder site needs explicit runtime/guard/test/compatibility/recovery owner review	blocked_mixed_role
94	dead_code_allowance	src/mir/builder/type_registry.rs	8911	8930	outer_allow	<impl>::dump_stats	251	251	C	production_default	file_observed		unreviewed			missing	unknown	mixed builder site needs explicit runtime/guard/test/compatibility/recovery owner review	blocked_mixed_role
95	dead_code_allowance	src/mir/builder/type_registry.rs	9832	9851	outer_allow	<impl>::clear_origins	275	275	C	production_default	file_observed		unreviewed			missing	unknown	mixed builder site needs explicit runtime/guard/test/compatibility/recovery owner review	blocked_mixed_role
96	dead_code_allowance	src/mir/builder/type_registry.rs	10175	10194	outer_allow	<impl>::clear_all	286	286	C	production_default	file_observed		unreviewed			missing	unknown	mixed builder site needs explicit runtime/guard/test/compatibility/recovery owner review	blocked_mixed_role
97	dead_code_allowance	src/mir/builder/types/annotation.rs	223	242	outer_allow	set_type	8	8	C	production_default	file_observed		unreviewed			missing	unknown	mixed builder site needs explicit runtime/guard/test/compatibility/recovery owner review	blocked_mixed_role
98	dead_code_allowance	src/mir/builder/utils/pinning.rs	2537	2556	outer_allow	<impl>::insert_copy_after_phis	56	56	C	production_default	file_observed		unreviewed			missing	unknown	mixed builder site needs explicit runtime/guard/test/compatibility/recovery owner review	blocked_mixed_role
99	dead_code_allowance	src/mir/builder/vars/free_vars.rs	57	76	outer_allow	collect_free_vars	4	4	C	production_default	file_observed		unreviewed			missing	unknown	mixed builder site needs explicit runtime/guard/test/compatibility/recovery owner review	blocked_mixed_role
100	dead_code_allowance	src/mir/builder/vars/lexical_scope.rs	829	848	outer_allow	<impl>::new	21	21	C	production_default	file_observed		unreviewed			missing	unknown	mixed builder site needs explicit runtime/guard/test/compatibility/recovery owner review	blocked_mixed_role
101	dead_code_allowance	src/mir/compiler/mod.rs	2199	2218	outer_allow	raw_root_environment_manifest	81	81	B	production_default	file_observed		unreviewed			missing	unknown	runtime owner candidate exists but successor/retention evidence is not reviewed for this site	blocked_successor
102	dead_code_allowance	src/mir/compiler/mod.rs	2362	2381	outer_allow	raw_root_manifest_package	87	87	B	production_default	file_observed		unreviewed			missing	unknown	runtime owner candidate exists but successor/retention evidence is not reviewed for this site	blocked_successor
103	dead_code_allowance	src/mir/compiler/mod.rs	2432	2451	outer_allow	raw_root_plan0	89	89	B	production_default	file_observed		unreviewed			missing	unknown	runtime owner candidate exists but successor/retention evidence is not reviewed for this site	blocked_successor
104	dead_code_allowance	src/mir/compiler/mod.rs	2625	2644	outer_allow	raw_root_source_facts	97	97	B	production_default	file_observed		unreviewed			missing	unknown	runtime owner candidate exists but successor/retention evidence is not reviewed for this site	blocked_successor
105	dead_code_allowance	src/mir/compiler/module_registry.in.rs	180	199	outer_allow	a_prime_i64_physical_capability	6	6	A	generated_included	file_observed		unreviewed			missing	unknown	generated registry retention policy and successor owner are not named	blocked_successor
106	dead_code_allowance	src/mir/compiler/module_registry.in.rs	256	275	outer_allow	acyclic_callable_graph	8	8	A	generated_included	file_observed	callable_topology	candidate_evidence	docs/development/current/main/investigations/normal-callable-module0-a0-s0-execution-task-2026-07-26.md#range:18-19@979bf3af93	docs/development/current/main/investigations/normal-callable-module0-a0-s0-execution-task-2026-07-26.md#range:18-19@979bf3af93	candidate	unknown	named successor/retire condition is a candidate only; exact row policy remains unissued	candidate_evidence
107	dead_code_allowance	src/mir/compiler/module_registry.in.rs	323	342	outer_allow	acyclic_callable_module_plan	10	10	A	generated_included	file_observed	callable_topology	candidate_evidence	docs/development/current/main/investigations/normal-callable-module0-a0-s0-execution-task-2026-07-26.md#range:18-19@979bf3af93	docs/development/current/main/investigations/normal-callable-module0-a0-s0-execution-task-2026-07-26.md#range:18-19@979bf3af93	candidate	unknown	named successor/retire condition is a candidate only; exact row policy remains unissued	candidate_evidence
108	dead_code_allowance	src/mir/compiler/module_registry.in.rs	396	415	outer_allow	callable_graph_inventory	12	12	A	generated_included	file_observed	callable_topology	candidate_evidence	docs/development/current/main/investigations/normal-callable-module0-r0-s0-execution-task-2026-07-26.md#range:17-19@979bf3af93	docs/development/current/main/investigations/normal-callable-module0-r0-s0-execution-task-2026-07-26.md#range:17-19@979bf3af93	candidate	unknown	named successor/retire condition is a candidate only; exact row policy remains unissued	candidate_evidence
109	dead_code_allowance	src/mir/compiler/module_registry.in.rs	524	543	outer_allow	callable_scc_partition	16	16	A	generated_included	file_observed	callable_topology	candidate_evidence	docs/development/current/main/investigations/normal-callable-module0-r0-s0-execution-task-2026-07-26.md#range:17-19@979bf3af93	docs/development/current/main/investigations/normal-callable-module0-r0-s0-execution-task-2026-07-26.md#range:17-19@979bf3af93	candidate	unknown	named successor/retire condition is a candidate only; exact row policy remains unissued	candidate_evidence
110	dead_code_allowance	src/mir/compiler/module_registry.in.rs	591	610	outer_allow	callable_single_loop_operation_effect	18	18	A	generated_included	file_observed		unreviewed			missing	unknown	generated registry retention policy and successor owner are not named	blocked_successor
111	dead_code_allowance	src/mir/compiler/module_registry.in.rs	791	810	outer_allow	callable_single_loop_recipe	23	23	A	generated_included	file_observed		unreviewed			missing	unknown	generated registry retention policy and successor owner are not named	blocked_successor
112	dead_code_allowance	src/mir/compiler/module_registry.in.rs	855	874	outer_allow	callable_single_loop_recipe_coseal	25	25	A	generated_included	file_observed		unreviewed			missing	unknown	generated registry retention policy and successor owner are not named	blocked_successor
113	dead_code_allowance	src/mir/compiler/module_registry.in.rs	1041	1060	outer_allow	callable_single_loop_source_map	30	30	A	generated_included	file_observed		unreviewed			missing	unknown	generated registry retention policy and successor owner are not named	blocked_successor
114	dead_code_allowance	src/mir/compiler/module_registry.in.rs	1109	1128	outer_allow	callable_single_loop_source_shapes	32	32	A	generated_included	file_observed		unreviewed			missing	unknown	generated registry retention policy and successor owner are not named	blocked_successor
115	dead_code_allowance	src/mir/compiler/module_registry.in.rs	1308	1327	outer_allow	callable_single_loop_syntax_facts	37	37	A	generated_included	file_observed		unreviewed			missing	unknown	generated registry retention policy and successor owner are not named	blocked_successor
116	dead_code_allowance	src/mir/compiler/module_registry.in.rs	1378	1397	outer_allow	canonical_core_dispatch	39	39	A	generated_included	file_observed		unreviewed			missing	unknown	generated registry retention policy and successor owner are not named	blocked_successor
117	dead_code_allowance	src/mir/compiler/module_registry.in.rs	1438	1457	outer_allow	canonical_script_source_a_input	41	41	A	generated_included	file_observed		unreviewed			missing	unknown	generated registry retention policy and successor owner are not named	blocked_successor
118	dead_code_allowance	src/mir/compiler/module_registry.in.rs	1560	1579	outer_allow	canonical_source_identity	44	44	A	generated_included	file_observed		unreviewed			missing	unknown	generated registry retention policy and successor owner are not named	blocked_successor
119	dead_code_allowance	src/mir/compiler/module_registry.in.rs	1622	1641	outer_allow	canonical_drain_manifest	46	46	A	generated_included	file_observed		unreviewed			missing	unknown	generated registry retention policy and successor owner are not named	blocked_successor
120	dead_code_allowance	src/mir/compiler/module_registry.in.rs	1672	1691	outer_allow	canonical_finalization	48	48	A	generated_included	file_observed		unreviewed			missing	unknown	generated registry retention policy and successor owner are not named	blocked_successor
121	dead_code_allowance	src/mir/compiler/module_registry.in.rs	1739	1758	outer_allow	canonical_physical_completion	50	50	A	generated_included	file_observed		unreviewed			missing	unknown	generated registry retention policy and successor owner are not named	blocked_successor
122	dead_code_allowance	src/mir/compiler/module_registry.in.rs	1848	1867	outer_allow	common_v2_session_admission	53	53	A	generated_included	file_observed		unreviewed			missing	unknown	generated registry retention policy and successor owner are not named	blocked_successor
123	dead_code_allowance	src/mir/compiler/module_registry.in.rs	1920	1939	outer_allow	common_v2_physical_function_entry_input	55	55	A	generated_included	file_observed		unreviewed			missing	unknown	generated registry retention policy and successor owner are not named	blocked_successor
124	dead_code_allowance	src/mir/compiler/module_registry.in.rs	2004	2023	outer_allow	common_v2_physical_function_skeleton	57	57	A	generated_included	file_observed		unreviewed			missing	unknown	generated registry retention policy and successor owner are not named	blocked_successor
125	dead_code_allowance	src/mir/compiler/module_registry.in.rs	2085	2104	outer_allow	direct_accum_capability	59	59	A	generated_included	file_observed		unreviewed			missing	unknown	generated registry retention policy and successor owner are not named	blocked_successor
126	dead_code_allowance	src/mir/compiler/module_registry.in.rs	2207	2226	outer_allow	direct_accum_prefix	63	63	A	generated_included	file_observed		unreviewed			missing	unknown	generated registry retention policy and successor owner are not named	blocked_successor
127	dead_code_allowance	src/mir/compiler/module_registry.in.rs	2271	2290	outer_allow	direct_accum_profile	65	65	A	generated_included	file_observed		unreviewed			missing	unknown	generated registry retention policy and successor owner are not named	blocked_successor
128	dead_code_allowance	src/mir/compiler/module_registry.in.rs	2336	2355	outer_allow	direct_accum_projection	67	67	A	generated_included	file_observed		unreviewed			missing	unknown	generated registry retention policy and successor owner are not named	blocked_successor
129	dead_code_allowance	src/mir/compiler/module_registry.in.rs	2404	2423	outer_allow	dynamic_full_body_recipe	69	69	A	generated_included	file_observed		unreviewed			missing	unknown	generated registry retention policy and successor owner are not named	blocked_successor
130	dead_code_allowance	src/mir/compiler/module_registry.in.rs	2473	2492	outer_allow	dynamic_full_body_source	71	71	A	generated_included	file_observed		unreviewed			missing	unknown	generated registry retention policy and successor owner are not named	blocked_successor
131	dead_code_allowance	src/mir/compiler/module_registry.in.rs	2591	2610	outer_allow	external_commit	75	75	A	generated_included	file_observed		unreviewed			missing	unknown	generated registry retention policy and successor owner are not named	blocked_successor
132	dead_code_allowance	src/mir/compiler/module_registry.in.rs	2799	2818	outer_allow	generic_g0_projection	82	82	A	generated_included	file_observed		unreviewed			missing	unknown	generated registry retention policy and successor owner are not named	blocked_successor
133	dead_code_allowance	src/mir/compiler/module_registry.in.rs	2865	2884	outer_allow	generic_g0_source_parent	84	84	A	generated_included	file_observed		unreviewed			missing	unknown	generated registry retention policy and successor owner are not named	blocked_successor
134	dead_code_allowance	src/mir/compiler/module_registry.in.rs	2934	2953	outer_allow	generic_g0_storage_lane_source	86	86	A	generated_included	file_observed		unreviewed			missing	unknown	generated registry retention policy and successor owner are not named	blocked_successor
135	dead_code_allowance	src/mir/compiler/module_registry.in.rs	3009	3028	outer_allow	generic_g0_physical_function_entry_input	88	88	A	generated_included	file_observed		unreviewed			missing	unknown	generated registry retention policy and successor owner are not named	blocked_successor
136	dead_code_allowance	src/mir/compiler/module_registry.in.rs	3389	3408	outer_allow	generic_g0_function_effect	95	95	A	generated_included	file_observed		unreviewed			missing	unknown	generated registry retention policy and successor owner are not named	blocked_successor
137	dead_code_allowance	src/mir/compiler/module_registry.in.rs	3460	3479	outer_allow	generic_g0_completion	97	97	A	generated_included	file_observed		unreviewed			missing	unknown	generated registry retention policy and successor owner are not named	blocked_successor
138	dead_code_allowance	src/mir/compiler/module_registry.in.rs	3526	3545	outer_allow	generic_g0_result_abi	99	99	A	generated_included	file_observed		unreviewed			missing	unknown	generated registry retention policy and successor owner are not named	blocked_successor
139	dead_code_allowance	src/mir/compiler/module_registry.in.rs	3656	3675	outer_allow	located	102	102	A	generated_included	file_observed	source_location	candidate_evidence	docs/development/current/main/investigations/mirbuilder-b0-l4-located-coreplan-source-coverage-consultation-2026-07-14.md#range:1-15@979bf3af93	docs/development/current/main/investigations/mirbuilder-b0-l4-located-coreplan-source-coverage-consultation-2026-07-14.md#range:1-15@979bf3af93	candidate	unknown	superseded-by direction is a candidate only; exact row policy remains unissued	candidate_evidence
140	dead_code_allowance	src/mir/compiler/module_registry.in.rs	3774	3793	outer_allow	loop_cond_break_continue_projection	106	106	A	generated_included	file_observed		unreviewed			missing	unknown	generated registry retention policy and successor owner are not named	blocked_successor
141	dead_code_allowance	src/mir/compiler/module_registry.in.rs	3971	3990	outer_allow	loop_true_break_continue_projection	112	112	A	generated_included	file_observed		unreviewed			missing	unknown	generated registry retention policy and successor owner are not named	blocked_successor
142	dead_code_allowance	src/mir/compiler/module_registry.in.rs	4071	4090	outer_allow	module_postprocess	115	115	A	generated_included	file_observed	runtime	reviewed_ready_for_map	src/mir/compiler/module_postprocess.rs#symbol:ModulePostprocessOwnerV1@a3d9098f91eef5f9b2189b98037cc96984711740	src/mir/compiler/module_postprocess.rs#range:301-350@a3d9098f91eef5f9b2189b98037cc96984711740;src/mir/compiler/module_postprocess_stages.rs#symbol:run_postprocess_stages@a3d9098f91eef5f9b2189b98037cc96984711740	reviewed	not_required	RetainNamed current postprocess owner; successor_ref=none_required; historical disconnected wording superseded by c4ecd2843e, 1bdc8d51d9, fa91cf9e19; reopen if all non-test callers reach zero or a replacement owner lands	reviewed_ready_for_map
143	dead_code_allowance	src/mir/compiler/module_registry.in.rs	4373	4392	outer_allow	nested_predicate_effect_plan	122	122	A	generated_included	file_observed		unreviewed			missing	unknown	generated registry retention policy and successor owner are not named	blocked_successor
144	dead_code_allowance	src/mir/compiler/module_registry.in.rs	4504	4523	outer_allow	nested_predicate_physical_input	126	126	A	generated_included	file_observed		unreviewed			missing	unknown	generated registry retention policy and successor owner are not named	blocked_successor
145	dead_code_allowance	src/mir/compiler/module_registry.in.rs	4580	4599	outer_allow	nested_predicate_producer	128	128	A	generated_included	file_observed		unreviewed			missing	unknown	generated registry retention policy and successor owner are not named	blocked_successor
146	dead_code_allowance	src/mir/compiler/module_registry.in.rs	4700	4719	outer_allow	nested_predicate_projection	132	132	A	generated_included	file_observed		unreviewed			missing	unknown	generated registry retention policy and successor owner are not named	blocked_successor
147	dead_code_allowance	src/mir/compiler/module_registry.in.rs	4772	4791	outer_allow	nested_predicate_source_handoff	134	134	A	generated_included	file_observed		unreviewed			missing	unknown	generated registry retention policy and successor owner are not named	blocked_successor
148	dead_code_allowance	src/mir/compiler/module_registry.in.rs	4848	4867	outer_allow	nested_predicate_topology	136	136	A	generated_included	file_observed		unreviewed			missing	unknown	generated registry retention policy and successor owner are not named	blocked_successor
149	dead_code_allowance	src/mir/compiler/module_registry.in.rs	4918	4937	outer_allow	variable_accum_break_projection	138	138	A	generated_included	file_observed		unreviewed			missing	unknown	generated registry retention policy and successor owner are not named	blocked_successor
150	dead_code_allowance	src/mir/compiler/module_registry.in.rs	4994	5013	outer_allow	variable_accum_recurrence_projection	140	140	A	generated_included	file_observed		unreviewed			missing	unknown	generated registry retention policy and successor owner are not named	blocked_successor
151	dead_code_allowance	src/mir/compiler/module_registry.in.rs	5716	5735	outer_allow	nested_predicate_profile	158	158	A	generated_included	file_observed		unreviewed			missing	unknown	generated registry retention policy and successor owner are not named	blocked_successor
152	dead_code_allowance	src/mir/compiler/module_registry.in.rs	5999	6018	outer_allow	normal_source_plan	168	168	A	generated_included	file_observed	normal_source_plan	candidate_evidence	docs/development/current/main/investigations/normal-source-plan0-s0-execution-task-2026-07-26.md#range:102-112@979bf3af93	docs/development/current/main/investigations/normal-source-plan0-s0-execution-task-2026-07-26.md#range:102-112@979bf3af93	candidate	unknown	named sunset policy is a candidate only; exact row policy remains unissued	candidate_evidence
153	dead_code_allowance	src/mir/compiler/module_registry.in.rs	6186	6205	outer_allow	raw_root_callable_main	173	173	A	generated_included	file_observed	raw_root	candidate_evidence	docs/development/current/main/investigations/cut0-i0-raw-source0-lower-root-callmain0-s0-execution-task-2026-07-24.md#range:265-283@979bf3af93	docs/development/current/main/investigations/cut0-i0-raw-source0-lower-root-callmain0-s0-execution-task-2026-07-24.md#range:265-283@979bf3af93	candidate	unknown	CALLMAIN0/CUT0 retirement condition is a candidate only; exact row policy remains unissued	candidate_evidence
154	dead_code_allowance	src/mir/compiler/module_registry.in.rs	6253	6272	outer_allow	raw_root_children	175	175	A	generated_included	file_observed	raw_root	candidate_evidence	docs/development/current/main/investigations/cut0-i0-raw-source0-lower-root-callchildren0-s0-execution-task-2026-07-24.md#range:202-221@979bf3af93	docs/development/current/main/investigations/cut0-i0-raw-source0-lower-root-callchildren0-s0-execution-task-2026-07-24.md#range:202-221@979bf3af93	candidate	unknown	CHILDREN0/CUT0 retirement condition is a candidate only; exact row policy remains unissued	candidate_evidence
155	dead_code_allowance	src/mir/compiler/module_registry.in.rs	6315	6334	outer_allow	raw_root_decl_access	177	177	A	generated_included	file_observed	raw_root	candidate_evidence	docs/development/current/main/investigations/declaccess0-s0-execution-task-2026-07-24.md#range:127-160@979bf3af93	docs/development/current/main/investigations/declaccess0-s0-execution-task-2026-07-24.md#range:127-160@979bf3af93	candidate	unknown	CUT0 retirement condition is a candidate only; exact row policy remains unissued	candidate_evidence
156	dead_code_allowance	src/mir/compiler/module_registry.in.rs	6380	6399	outer_allow	raw_root_drain	179	179	A	generated_included	file_observed		unreviewed			missing	unknown	generated registry retention policy and successor owner are not named	blocked_successor
157	dead_code_allowance	src/mir/compiler/module_registry.in.rs	6439	6458	outer_allow	raw_root_eligibility	181	181	A	generated_included	file_observed		unreviewed			missing	unknown	generated registry retention policy and successor owner are not named	blocked_successor
158	dead_code_allowance	src/mir/compiler/module_registry.in.rs	6504	6523	outer_allow	raw_root_eligibility_classifier	183	183	A	generated_included	file_observed		unreviewed			missing	unknown	generated registry retention policy and successor owner are not named	blocked_successor
159	dead_code_allowance	src/mir/compiler/module_registry.in.rs	6580	6599	outer_allow	raw_root_eligibility_prepare	185	185	A	generated_included	file_observed		unreviewed			missing	unknown	generated registry retention policy and successor owner are not named	blocked_successor
160	dead_code_allowance	src/mir/compiler/module_registry.in.rs	6702	6721	outer_allow	raw_root_finalization	188	188	A	generated_included	file_observed		unreviewed			missing	unknown	generated registry retention policy and successor owner are not named	blocked_successor
161	dead_code_allowance	src/mir/compiler/module_registry.in.rs	6768	6787	outer_allow	raw_root_helper_coverage	190	190	A	generated_included	file_observed		unreviewed			missing	unknown	generated registry retention policy and successor owner are not named	blocked_successor
162	dead_code_allowance	src/mir/compiler/module_registry.in.rs	6837	6856	outer_allow	raw_root_package	192	192	A	generated_included	file_observed		unreviewed			missing	unknown	generated registry retention policy and successor owner are not named	blocked_successor
163	dead_code_allowance	src/mir/compiler/module_registry.in.rs	7041	7060	outer_allow	raw_runtime_inputs	197	197	A	generated_included	file_observed		unreviewed			missing	unknown	generated registry retention policy and successor owner are not named	blocked_successor
164	dead_code_allowance	src/mir/compiler/module_registry.in.rs	7104	7123	outer_allow	raw_source_binding	199	199	A	generated_included	file_observed		unreviewed			missing	unknown	generated registry retention policy and successor owner are not named	blocked_successor
165	dead_code_allowance	src/mir/compiler/module_registry.in.rs	7167	7186	outer_allow	recursive_callable_module_plan	201	201	A	generated_included	file_observed	callable_topology	candidate_evidence	docs/development/current/main/investigations/normal-callable-module0-r0-s0-execution-task-2026-07-26.md#range:17-19@979bf3af93	docs/development/current/main/investigations/normal-callable-module0-r0-s0-execution-task-2026-07-26.md#range:17-19@979bf3af93	candidate	unknown	named successor/retire condition is a candidate only; exact row policy remains unissued	candidate_evidence
166	dead_code_allowance	src/mir/compiler/module_registry.in.rs	7242	7261	outer_allow	resolved_callable_module	203	203	A	generated_included	file_observed		unreviewed			missing	unknown	generated registry retention policy and successor owner are not named	blocked_successor
167	dead_code_allowance	src/mir/compiler/module_registry.in.rs	7347	7366	outer_allow	resolved_callable_module_preflight	206	206	A	generated_included	file_observed		unreviewed			missing	unknown	generated registry retention policy and successor owner are not named	blocked_successor
168	dead_code_allowance	src/mir/compiler/module_registry.in.rs	7426	7445	outer_allow	resolved_direct_accum_cutover	208	208	A	generated_included	file_observed		unreviewed			missing	unknown	generated registry retention policy and successor owner are not named	blocked_successor
169	dead_code_allowance	src/mir/compiler/module_registry.in.rs	7481	7500	outer_allow	resolved_nested_predicate_cutover	210	210	A	generated_included	file_observed		unreviewed			missing	unknown	generated registry retention policy and successor owner are not named	blocked_successor
170	dead_code_allowance	src/mir/compiler/module_registry.in.rs	7595	7614	outer_allow	source_bound_package	213	213	A	generated_included	file_observed		unreviewed			missing	unknown	generated registry retention policy and successor owner are not named	blocked_successor
171	dead_code_allowance	src/mir/compiler/module_registry.in.rs	7660	7679	outer_allow	source_bound_plan	215	215	A	generated_included	file_observed		unreviewed			missing	unknown	generated registry retention policy and successor owner are not named	blocked_successor
172	dead_code_allowance	src/mir/compiler/module_registry.in.rs	7722	7741	outer_allow	source_entry_ny_main	217	217	A	generated_included	file_observed		unreviewed			missing	unknown	generated registry retention policy and successor owner are not named	blocked_successor
173	dead_code_allowance	src/mir/compiler/module_registry.in.rs	7787	7806	outer_allow	source_entry_physical	219	219	A	generated_included	file_observed		unreviewed			missing	unknown	generated registry retention policy and successor owner are not named	blocked_successor
174	dead_code_allowance	src/mir/compiler/module_registry.in.rs	7853	7872	outer_allow	source_entry_projection	221	221	A	generated_included	file_observed		unreviewed			missing	unknown	generated registry retention policy and successor owner are not named	blocked_successor
175	dead_code_allowance	src/mir/compiler/module_registry.in.rs	7921	7940	outer_allow	source_entry_published_invocation	223	223	A	generated_included	file_observed		unreviewed			missing	unknown	generated registry retention policy and successor owner are not named	blocked_successor
176	dead_code_allowance	src/mir/compiler/module_registry.in.rs	7999	8018	outer_allow	source_entry_reference	225	225	A	generated_included	file_observed		unreviewed			missing	unknown	generated registry retention policy and successor owner are not named	blocked_successor
177	dead_code_allowance	src/mir/compiler/module_registry.in.rs	8066	8085	outer_allow	source_entry_result	227	227	A	generated_included	file_observed		unreviewed			missing	unknown	generated registry retention policy and successor owner are not named	blocked_successor
178	dead_code_allowance	src/mir/compiler/module_registry.in.rs	8130	8149	outer_allow	source_entry_selection	229	229	A	generated_included	file_observed		unreviewed			missing	unknown	generated registry retention policy and successor owner are not named	blocked_successor
179	dead_code_allowance	src/mir/compiler/module_registry.in.rs	8197	8216	outer_allow	source_entry_thunk	231	231	A	generated_included	file_observed		unreviewed			missing	unknown	generated registry retention policy and successor owner are not named	blocked_successor
180	dead_code_allowance	src/mir/compiler/module_registry.in.rs	8394	8413	outer_allow	source_entry_vm_invocation	236	236	A	generated_included	file_observed		unreviewed			missing	unknown	generated registry retention policy and successor owner are not named	blocked_successor
181	dead_code_allowance	src/mir/compiler/module_registry.in.rs	8550	8569	outer_allow	source_entry_vm_reference	240	240	A	generated_included	file_observed	vm_reference	candidate_evidence	tools/checks/fixtures/hmi_semantic_reference_inventory_v1.json#range:53-60@979bf3af93	tools/checks/fixtures/hmi_semantic_reference_inventory_v1.json#range:53-60@979bf3af93	candidate	unknown	registered reference/retirement condition is a candidate only; exact row policy remains unissued	candidate_evidence
182	dead_code_allowance	src/mir/compiler/module_registry.in.rs	8755	8774	outer_allow	source_projection	246	246	A	generated_included	file_observed	ssa_projection	candidate_evidence	tools/checks/fixtures/canonical_ssa_seam_inventory_v1.json#item:return.source-projection@979bf3af93	tools/checks/lib/resolved_binding_ssa_contract.sh#range:10-54@979bf3af93	candidate	unknown	control-only retain/SSA-E0 direction is a candidate only; exact row policy remains unissued	candidate_evidence
183	dead_code_allowance	src/mir/compiler/module_registry.in.rs	8817	8836	outer_allow	source_view	248	248	A	generated_included	file_observed		unreviewed			missing	unknown	generated registry retention policy and successor owner are not named	blocked_successor
184	dead_code_allowance	src/mir/mod.rs	14630	14649	outer_allow	resolved_value_profile	214	214	B	production_default	file_observed		unreviewed			missing	unknown	runtime owner candidate exists but successor/retention evidence is not reviewed for this site	blocked_successor
